<?xml version="1.0" encoding="UTF-8"?>
<launch4jConfig>
  <dontWrapJar>false</dontWrapJar>
  <headerType>gui</headerType>
  <jar>install.jar</jar>
  <outfile>ArtOfIllusion-3.2.0-Windows.exe</outfile>
  <errTitle></errTitle>
  <cmdLine></cmdLine>
  <chdir>.</chdir>
  <priority>normal</priority>
  <downloadUrl>https://adoptopenjdk.net</downloadUrl>
  <supportUrl>https://sourceforge.net/p/aoi/discussion</supportUrl>
  <stayAlive>false</stayAlive>
  <restartOnCrash>false</restartOnCrash>
  <icon>aoi.ico</icon>
  <jre>
    <path>%JAVA_HOME%;%PATH%</path>
    <minVersion>1.8.0</minVersion>
    <maxVersion></maxVersion>
    <jdkPreference>preferJre</jdkPreference>
    <runtimeBits>64/32</runtimeBits>
  </jre>
  <versionInfo>
    <fileVersion>1.1.0.0</fileVersion>
    <txtFileVersion>1.1.0</txtFileVersion>
    <fileDescription>Art of Illusion Package for Windows</fileDescription>
    <copyright>2019 Peter Eastman et. al.</copyright>
    <productVersion>3.2.0.0</productVersion>
    <txtProductVersion>3.2.0</txtProductVersion>
    <productName>Art of Illusion for Windows</productName>
    <internalName>Art of Illusion</internalName>
    <originalFilename>ArtOfIllusion-3.2.0-Windows.exe</originalFilename>
    <language>ENGLISH_US</language>
  </versionInfo>
</launch4jConfig>
