<?xml version="1.0" encoding="UTF-8"?>
<launch4jConfig>
  <dontWrapJar>true</dontWrapJar>
  <headerType>gui</headerType>
  <jar>Uninstaller/uninstaller.jar</jar>
  <outfile>UninstallAoI.exe</outfile>
  <errTitle></errTitle>
  <cmdLine></cmdLine>
  <chdir>.</chdir>
  <priority>normal</priority>
  <downloadUrl>https://adoptopenjdk.net</downloadUrl>
  <supportUrl>https://sourceforge.net/p/aoi/discussion/</supportUrl>
  <customProcName>Uninstall Art Of Illusion 3.2.0</customProcName>
  <stayAlive>false</stayAlive>
  <restartOnCrash>false</restartOnCrash>
  <manifest></manifest>
  <icon></icon>
  <jre>
    <path>%JAVA_HOME%;%PATH%</path>
    <bundledJre64Bit>false</bundledJre64Bit>
    <bundledJreAsFallback>false</bundledJreAsFallback>
    <minVersion>1.8.0</minVersion>
    <maxVersion></maxVersion>
    <jdkPreference>preferJre</jdkPreference>
    <runtimeBits>64/32</runtimeBits>
    <maxHeapSize>16384</maxHeapSize>
    <opt>-Dsun.java2d.noddraw=true</opt>
    <opt>-Djava.library.path=lib</opt>
  </jre>
  <versionInfo>
    <fileVersion>1.0.0.0</fileVersion>
    <txtFileVersion>1</txtFileVersion>
    <fileDescription>Art of Illusion Uninstaller</fileDescription>
    <copyright>2020 Lucas Stanek</copyright>
    <productVersion>3.2.0.0</productVersion>
    <txtProductVersion>3.2.0</txtProductVersion>
    <productName>Art of Illusion</productName>
    <companyName></companyName>
    <internalName>AoI</internalName>
    <originalFilename>Uninstall Art of Illusion.exe</originalFilename>
    <trademarks></trademarks>
    <language>ENGLISH_US</language>
  </versionInfo>
</launch4jConfig>
