[
    {
        "java_project": "tabula-java",
        "sensitivity": 0.0,
        "testability": {
            "before": 0.6069149895325162,
            "after": 0.6174560716742084
        },
        "code_changes_rate": 198,
        "cases": [
            {
                "factory": {
                    "index": 0,
                    "path": "benchmarks/tabula-java/src/main/java/technology/tabula/Cell.java",
                    "class_name": "Cell",
                    "package": "technology.tabula"
                },
                "products": {
                    "classes": [
                        {
                            "index": 15,
                            "path": "benchmarks/tabula-java/src/main/java/technology/tabula/RectangularTextContainer.java",
                            "class_name": "RectangularTextContainer",
                            "package": "technology.tabula"
                        },
                        {
                            "index": 20,
                            "path": "benchmarks/tabula-java/src/main/java/technology/tabula/TextChunk.java",
                            "class_name": "TextChunk",
                            "package": "technology.tabula"
                        }
                    ],
                    "methods": []
                }
            },
            {
                "factory": {
                    "index": 2,
                    "path": "benchmarks/tabula-java/src/main/java/technology/tabula/CommandLineApp.java",
                    "class_name": "CommandLineApp",
                    "package": "technology.tabula"
                },
                "products": {
                    "classes": [
                        {
                            "index": 10,
                            "path": "benchmarks/tabula-java/src/main/java/technology/tabula/Pair.java",
                            "class_name": "Pair",
                            "package": "technology.tabula"
                        },
                        {
                            "index": 13,
                            "path": "benchmarks/tabula-java/src/main/java/technology/tabula/Rectangle.java",
                            "class_name": "Rectangle",
                            "package": "technology.tabula"
                        },
                        {
                            "index": 9,
                            "path": "benchmarks/tabula-java/src/main/java/technology/tabula/PageIterator.java",
                            "class_name": "PageIterator",
                            "package": "technology.tabula"
                        },
                        {
                            "index": 17,
                            "path": "benchmarks/tabula-java/src/main/java/technology/tabula/Table.java",
                            "class_name": "Table",
                            "package": "technology.tabula"
                        },
                        {
                            "index": 7,
                            "path": "benchmarks/tabula-java/src/main/java/technology/tabula/Page.java",
                            "class_name": "Page",
                            "package": "technology.tabula"
                        },
                        {
                            "index": 5,
                            "path": "benchmarks/tabula-java/src/main/java/technology/tabula/ObjectExtractor.java",
                            "class_name": "ObjectExtractor",
                            "package": "technology.tabula"
                        },
                        {
                            "index": 28,
                            "path": "benchmarks/tabula-java/src/main/java/technology/tabula/extractors/BasicExtractionAlgorithm.java",
                            "class_name": "BasicExtractionAlgorithm",
                            "package": "technology.tabula.extractors"
                        },
                        {
                            "index": 30,
                            "path": "benchmarks/tabula-java/src/main/java/technology/tabula/extractors/SpreadsheetExtractionAlgorithm.java",
                            "class_name": "SpreadsheetExtractionAlgorithm",
                            "package": "technology.tabula.extractors"
                        },
                        {
                            "index": 25,
                            "path": "benchmarks/tabula-java/src/main/java/technology/tabula/detectors/DetectionAlgorithm.java",
                            "class_name": "DetectionAlgorithm",
                            "package": "technology.tabula.detectors"
                        },
                        {
                            "index": 36,
                            "path": "benchmarks/tabula-java/src/main/java/technology/tabula/writers/Writer.java",
                            "class_name": "Writer",
                            "package": "technology.tabula.writers"
                        }
                    ],
                    "methods": []
                }
            },
            {
                "factory": {
                    "index": 5,
                    "path": "benchmarks/tabula-java/src/main/java/technology/tabula/ObjectExtractor.java",
                    "class_name": "ObjectExtractor",
                    "package": "technology.tabula"
                },
                "products": {
                    "classes": [
                        {
                            "index": 7,
                            "path": "benchmarks/tabula-java/src/main/java/technology/tabula/Page.java",
                            "class_name": "Page",
                            "package": "technology.tabula"
                        },
                        {
                            "index": 6,
                            "path": "benchmarks/tabula-java/src/main/java/technology/tabula/ObjectExtractorStreamEngine.java",
                            "class_name": "ObjectExtractorStreamEngine",
                            "package": "technology.tabula"
                        },
                        {
                            "index": 22,
                            "path": "benchmarks/tabula-java/src/main/java/technology/tabula/TextStripper.java",
                            "class_name": "TextStripper",
                            "package": "technology.tabula"
                        },
                        {
                            "index": 9,
                            "path": "benchmarks/tabula-java/src/main/java/technology/tabula/PageIterator.java",
                            "class_name": "PageIterator",
                            "package": "technology.tabula"
                        }
                    ],
                    "methods": []
                }
            },
            {
                "factory": {
                    "index": 7,
                    "path": "benchmarks/tabula-java/src/main/java/technology/tabula/Page.java",
                    "class_name": "Page",
                    "package": "technology.tabula"
                },
                "products": {
                    "classes": [
                        {
                            "index": 13,
                            "path": "benchmarks/tabula-java/src/main/java/technology/tabula/Rectangle.java",
                            "class_name": "Rectangle",
                            "package": "technology.tabula"
                        },
                        {
                            "index": 21,
                            "path": "benchmarks/tabula-java/src/main/java/technology/tabula/TextElement.java",
                            "class_name": "TextElement",
                            "package": "technology.tabula"
                        },
                        {
                            "index": 16,
                            "path": "benchmarks/tabula-java/src/main/java/technology/tabula/Ruling.java",
                            "class_name": "Ruling",
                            "package": "technology.tabula"
                        },
                        {
                            "index": 14,
                            "path": "benchmarks/tabula-java/src/main/java/technology/tabula/RectangleSpatialIndex.java",
                            "class_name": "RectangleSpatialIndex",
                            "package": "technology.tabula"
                        },
                        {
                            "index": 8,
                            "path": "benchmarks/tabula-java/src/main/java/technology/tabula/PageDims.java",
                            "class_name": "PageDims",
                            "package": "technology.tabula"
                        },
                        {
                            "index": 6,
                            "path": "benchmarks/tabula-java/src/main/java/technology/tabula/ObjectExtractorStreamEngine.java",
                            "class_name": "ObjectExtractorStreamEngine",
                            "package": "technology.tabula"
                        },
                        {
                            "index": 22,
                            "path": "benchmarks/tabula-java/src/main/java/technology/tabula/TextStripper.java",
                            "class_name": "TextStripper",
                            "package": "technology.tabula"
                        }
                    ],
                    "methods": []
                }
            },
            {
                "factory": {
                    "index": 19,
                    "path": "benchmarks/tabula-java/src/main/java/technology/tabula/TableWithRulingLines.java",
                    "class_name": "TableWithRulingLines",
                    "package": "technology.tabula"
                },
                "products": {
                    "classes": [
                        {
                            "index": 17,
                            "path": "benchmarks/tabula-java/src/main/java/technology/tabula/Table.java",
                            "class_name": "Table",
                            "package": "technology.tabula"
                        },
                        {
                            "index": 16,
                            "path": "benchmarks/tabula-java/src/main/java/technology/tabula/Ruling.java",
                            "class_name": "Ruling",
                            "package": "technology.tabula"
                        },
                        {
                            "index": 14,
                            "path": "benchmarks/tabula-java/src/main/java/technology/tabula/RectangleSpatialIndex.java",
                            "class_name": "RectangleSpatialIndex",
                            "package": "technology.tabula"
                        },
                        {
                            "index": 0,
                            "path": "benchmarks/tabula-java/src/main/java/technology/tabula/Cell.java",
                            "class_name": "Cell",
                            "package": "technology.tabula"
                        },
                        {
                            "index": 13,
                            "path": "benchmarks/tabula-java/src/main/java/technology/tabula/Rectangle.java",
                            "class_name": "Rectangle",
                            "package": "technology.tabula"
                        },
                        {
                            "index": 29,
                            "path": "benchmarks/tabula-java/src/main/java/technology/tabula/extractors/ExtractionAlgorithm.java",
                            "class_name": "ExtractionAlgorithm",
                            "package": "technology.tabula.extractors"
                        }
                    ],
                    "methods": []
                }
            },
            {
                "factory": {
                    "index": 20,
                    "path": "benchmarks/tabula-java/src/main/java/technology/tabula/TextChunk.java",
                    "class_name": "TextChunk",
                    "package": "technology.tabula"
                },
                "products": {
                    "classes": [
                        {
                            "index": 15,
                            "path": "benchmarks/tabula-java/src/main/java/technology/tabula/RectangularTextContainer.java",
                            "class_name": "RectangularTextContainer",
                            "package": "technology.tabula"
                        },
                        {
                            "index": 21,
                            "path": "benchmarks/tabula-java/src/main/java/technology/tabula/TextElement.java",
                            "class_name": "TextElement",
                            "package": "technology.tabula"
                        },
                        {
                            "index": 4,
                            "path": "benchmarks/tabula-java/src/main/java/technology/tabula/Line.java",
                            "class_name": "Line",
                            "package": "technology.tabula"
                        }
                    ],
                    "methods": []
                }
            },
            {
                "factory": {
                    "index": 24,
                    "path": "benchmarks/tabula-java/src/main/java/technology/tabula/debug/Debug.java",
                    "class_name": "Debug",
                    "package": "technology.tabula.debug"
                },
                "products": {
                    "classes": [
                        {
                            "index": 7,
                            "path": "benchmarks/tabula-java/src/main/java/technology/tabula/Page.java",
                            "class_name": "Page",
                            "package": "technology.tabula"
                        },
                        {
                            "index": 16,
                            "path": "benchmarks/tabula-java/src/main/java/technology/tabula/Ruling.java",
                            "class_name": "Ruling",
                            "package": "technology.tabula"
                        },
                        {
                            "index": 20,
                            "path": "benchmarks/tabula-java/src/main/java/technology/tabula/TextChunk.java",
                            "class_name": "TextChunk",
                            "package": "technology.tabula"
                        },
                        {
                            "index": 4,
                            "path": "benchmarks/tabula-java/src/main/java/technology/tabula/Line.java",
                            "class_name": "Line",
                            "package": "technology.tabula"
                        },
                        {
                            "index": 30,
                            "path": "benchmarks/tabula-java/src/main/java/technology/tabula/extractors/SpreadsheetExtractionAlgorithm.java",
                            "class_name": "SpreadsheetExtractionAlgorithm",
                            "package": "technology.tabula.extractors"
                        },
                        {
                            "index": 17,
                            "path": "benchmarks/tabula-java/src/main/java/technology/tabula/Table.java",
                            "class_name": "Table",
                            "package": "technology.tabula"
                        },
                        {
                            "index": 13,
                            "path": "benchmarks/tabula-java/src/main/java/technology/tabula/Rectangle.java",
                            "class_name": "Rectangle",
                            "package": "technology.tabula"
                        },
                        {
                            "index": 0,
                            "path": "benchmarks/tabula-java/src/main/java/technology/tabula/Cell.java",
                            "class_name": "Cell",
                            "package": "technology.tabula"
                        },
                        {
                            "index": 26,
                            "path": "benchmarks/tabula-java/src/main/java/technology/tabula/detectors/NurminenDetectionAlgorithm.java",
                            "class_name": "NurminenDetectionAlgorithm",
                            "package": "technology.tabula.detectors"
                        },
                        {
                            "index": 11,
                            "path": "benchmarks/tabula-java/src/main/java/technology/tabula/ProjectionProfile.java",
                            "class_name": "ProjectionProfile",
                            "package": "technology.tabula"
                        },
                        {
                            "index": 5,
                            "path": "benchmarks/tabula-java/src/main/java/technology/tabula/ObjectExtractor.java",
                            "class_name": "ObjectExtractor",
                            "package": "technology.tabula"
                        }
                    ],
                    "methods": []
                }
            }
        ]
    },
    {
        "java_project": "tabula-java",
        "sensitivity": 0.1111111111111111,
        "testability": {
            "before": 0.6069149895325163,
            "after": 0.6162682818204707
        },
        "code_changes_rate": 29,
        "cases": [
            {
                "factory": {
                    "index": 7,
                    "path": "benchmarks/tabula-java/src/main/java/technology/tabula/Page.java",
                    "class_name": "Page",
                    "package": "technology.tabula"
                },
                "products": {
                    "classes": [
                        {
                            "index": 13,
                            "path": "benchmarks/tabula-java/src/main/java/technology/tabula/Rectangle.java",
                            "class_name": "Rectangle",
                            "package": "technology.tabula"
                        },
                        {
                            "index": 16,
                            "path": "benchmarks/tabula-java/src/main/java/technology/tabula/Ruling.java",
                            "class_name": "Ruling",
                            "package": "technology.tabula"
                        }
                    ],
                    "methods": [
                        {
                            "name": "setTop",
                            "return_type": "void",
                            "formal_parameters": [
                                [
                                    "float",
                                    "top"
                                ]
                            ]
                        },
                        {
                            "name": "getRight",
                            "return_type": "float",
                            "formal_parameters": []
                        },
                        {
                            "name": "setBottom",
                            "return_type": "void",
                            "formal_parameters": [
                                [
                                    "float",
                                    "bottom"
                                ]
                            ]
                        },
                        {
                            "name": "setLeft",
                            "return_type": "void",
                            "formal_parameters": [
                                [
                                    "float",
                                    "left"
                                ]
                            ]
                        },
                        {
                            "name": "getBottom",
                            "return_type": "float",
                            "formal_parameters": []
                        },
                        {
                            "name": "getLeft",
                            "return_type": "float",
                            "formal_parameters": []
                        },
                        {
                            "name": "getTop",
                            "return_type": "float",
                            "formal_parameters": []
                        },
                        {
                            "name": "setRight",
                            "return_type": "void",
                            "formal_parameters": [
                                [
                                    "float",
                                    "right"
                                ]
                            ]
                        }
                    ]
                }
            },
            {
                "factory": {
                    "index": 19,
                    "path": "benchmarks/tabula-java/src/main/java/technology/tabula/TableWithRulingLines.java",
                    "class_name": "TableWithRulingLines",
                    "package": "technology.tabula"
                },
                "products": {
                    "classes": [
                        {
                            "index": 17,
                            "path": "benchmarks/tabula-java/src/main/java/technology/tabula/Table.java",
                            "class_name": "Table",
                            "package": "technology.tabula"
                        },
                        {
                            "index": 14,
                            "path": "benchmarks/tabula-java/src/main/java/technology/tabula/RectangleSpatialIndex.java",
                            "class_name": "RectangleSpatialIndex",
                            "package": "technology.tabula"
                        }
                    ],
                    "methods": [
                        {
                            "name": "add",
                            "return_type": "void",
                            "formal_parameters": [
                                [
                                    "RectangularTextContainer",
                                    "chunk"
                                ],
                                [
                                    "int",
                                    "row"
                                ],
                                [
                                    "int",
                                    "col"
                                ]
                            ]
                        }
                    ]
                }
            }
        ]
    },
    {
        "java_project": "tabula-java",
        "sensitivity": 0.2222222222222222,
        "testability": {
            "before": 0.6069149895325163,
            "after": 0.609551628016313
        },
        "code_changes_rate": 16,
        "cases": [
            {
                "factory": {
                    "index": 7,
                    "path": "benchmarks/tabula-java/src/main/java/technology/tabula/Page.java",
                    "class_name": "Page",
                    "package": "technology.tabula"
                },
                "products": {
                    "classes": [
                        {
                            "index": 13,
                            "path": "benchmarks/tabula-java/src/main/java/technology/tabula/Rectangle.java",
                            "class_name": "Rectangle",
                            "package": "technology.tabula"
                        },
                        {
                            "index": 16,
                            "path": "benchmarks/tabula-java/src/main/java/technology/tabula/Ruling.java",
                            "class_name": "Ruling",
                            "package": "technology.tabula"
                        }
                    ],
                    "methods": [
                        {
                            "name": "setTop",
                            "return_type": "void",
                            "formal_parameters": [
                                [
                                    "float",
                                    "top"
                                ]
                            ]
                        },
                        {
                            "name": "getRight",
                            "return_type": "float",
                            "formal_parameters": []
                        },
                        {
                            "name": "setBottom",
                            "return_type": "void",
                            "formal_parameters": [
                                [
                                    "float",
                                    "bottom"
                                ]
                            ]
                        },
                        {
                            "name": "setLeft",
                            "return_type": "void",
                            "formal_parameters": [
                                [
                                    "float",
                                    "left"
                                ]
                            ]
                        },
                        {
                            "name": "getBottom",
                            "return_type": "float",
                            "formal_parameters": []
                        },
                        {
                            "name": "getLeft",
                            "return_type": "float",
                            "formal_parameters": []
                        },
                        {
                            "name": "getTop",
                            "return_type": "float",
                            "formal_parameters": []
                        },
                        {
                            "name": "setRight",
                            "return_type": "void",
                            "formal_parameters": [
                                [
                                    "float",
                                    "right"
                                ]
                            ]
                        }
                    ]
                }
            }
        ]
    },
    {
        "java_project": "tabula-java",
        "sensitivity": 0.3333333333333333,
        "testability": {
            "before": 0.6069149895325163,
            "after": 0.6069149895325162
        },
        "code_changes_rate": 3,
        "cases": []
    },
    {
        "java_project": "tabula-java",
        "sensitivity": 0.4444444444444444,
        "testability": {
            "before": 0.6069149895325163,
            "after": 0.6069149895325163
        },
        "code_changes_rate": 0,
        "cases": []
    },
    {
        "java_project": "tabula-java",
        "sensitivity": 0.5555555555555556,
        "testability": {
            "before": 0.6069149895325163,
            "after": 0.6069149895325163
        },
        "code_changes_rate": 0,
        "cases": []
    },
    {
        "java_project": "tabula-java",
        "sensitivity": 0.6666666666666666,
        "testability": {
            "before": 0.6069149895325163,
            "after": 0.6069149895325163
        },
        "code_changes_rate": 0,
        "cases": []
    },
    {
        "java_project": "tabula-java",
        "sensitivity": 0.7777777777777778,
        "testability": {
            "before": 0.6069149895325163,
            "after": 0.6069149895325163
        },
        "code_changes_rate": 0,
        "cases": []
    },
    {
        "java_project": "tabula-java",
        "sensitivity": 0.8888888888888888,
        "testability": {
            "before": 0.6069149895325163,
            "after": 0.6069149895325163
        },
        "code_changes_rate": 0,
        "cases": []
    },
    {
        "java_project": "tabula-java",
        "sensitivity": 1.0,
        "testability": {
            "before": 0.6069149895325163,
            "after": 0.6069149895325163
        },
        "code_changes_rate": 0,
        "cases": []
    }
]