<?xml version="1.0"?>
<!--
  Licensed to the Apache Software Foundation (ASF) under one or more
  contributor license agreements.  See the NOTICE file distributed with
  this work for additional information regarding copyright ownership.
  The ASF licenses this file to You under the Apache License, Version 2.0
  (the "License"); you may not use this file except in compliance with
  the License.  You may obtain a copy of the License at

      https://www.apache.org/licenses/LICENSE-2.0

  Unless required by applicable law or agreed to in writing, software
  distributed under the License is distributed on an "AS IS" BASIS,
  WITHOUT WARRANTIES OR CONDITIONS OF ANY KIND, either express or implied.
  See the License for the specific language governing permissions and
  limitations under the License.
-->
<project>
  <property name="file" location="echoed.xml" />
  <target name="init">
    <echoxml file="${file}">
      <project>
        <property name="foo" value="bar" />
        <fail message="$$$${foo}=$${foo}">
          <condition>
            <istrue value="${mustfail}" />
          </condition>
        </fail>
      </project>
    </echoxml>
  </target>
  <target name="tearDown">
    <delete file="${file}" />
  </target>
  <target name="testPass" depends="init">
    <ant antfile="${file}" />
  </target>
  <target name="testFail" depends="init">
    <ant antfile="${file}">
      <property name="mustfail" value="true" />
    </ant>
  </target>
  <target name="testEmpty">
    <echoxml />
  </target>
</project>
