<?xml version="1.0"?>
<!--
  Licensed to the Apache Software Foundation (ASF) under one or more
  contributor license agreements.  See the NOTICE file distributed with
  this work for additional information regarding copyright ownership.
  The ASF licenses this file to You under the Apache License, Version 2.0
  (the "License"); you may not use this file except in compliance with
  the License.  You may obtain a copy of the License at

      https://www.apache.org/licenses/LICENSE-2.0

  Unless required by applicable law or agreed to in writing, software
  distributed under the License is distributed on an "AS IS" BASIS,
  WITHOUT WARRANTIES OR CONDITIONS OF ANY KIND, either express or implied.
  See the License for the specific language governing permissions and
  limitations under the License.
-->

<project name="input-test" basedir="." default="test1">

  <target name="test1">
    <input>Press Return key to continue...</input>
  </target>

  <target name="test2">
    <input message="Press Return key to continue..." />
  </target>

  <target name="test3">
    <input message="All data is going to be deleted from DB continue?"
           validargs="y,n"
           />
  </target>

  <target name="test5">
    <input message="All data is going to be deleted from db continue (y/n)?"
           validargs="y,n"
           />
  </target>

  <target name="test6">
    <input message="Please enter db-username:"
           addproperty="db.user"
           />
  </target>

  <target name="testPropertyFileInlineHandler">
    <input message="Press Return key to continue..." addproperty="test">
      <handler type="propertyfile" />
    </input>
    <fail>
      <condition>
        <not>
          <equals arg1="${test}" arg2="test" />
        </not>
      </condition>
    </fail>
  </target>

  <target name="testDefaultInlineHandler">
    <input message="Press Return key to continue..." addproperty="test">
      <handler type="default" />
    </input>
    <fail message="$${test} = ${test}">
      <condition>
        <not>
          <equals arg1="${test}" arg2="foo" />
        </not>
      </condition>
    </fail>
  </target>

  <target name="testGreedyInlineHandler">
    <input message="Press Return key to continue..." addproperty="test">
      <handler type="greedy" />
    </input>
    <loadfile srcFile="input.stdin" property="input" />
    <fail message="$${test} = ${test}">
      <condition>
        <not>
          <equals arg1="${test}" arg2="${input}" />
        </not>
      </condition>
    </fail>
  </target>

  <target name="testGreedyInlineHandlerClassname">
    <input message="Press Return key to continue..." addproperty="test">
      <handler classname="org.apache.tools.ant.input.GreedyInputHandler" />
    </input>
    <loadfile srcFile="input.stdin" property="input" />
    <fail message="$${test} = ${test}">
      <condition>
        <not>
          <equals arg1="${test}" arg2="${input}" />
        </not>
      </condition>
    </fail>
  </target>

  <target name="testGreedyInlineHandlerRefid">
    <typedef name="greedy"
             classname="org.apache.tools.ant.input.GreedyInputHandler" />
    <greedy id="greedy" />

    <input message="Press Return key to continue..." addproperty="test">
      <handler refid="greedy" />
    </input>
    <loadfile srcFile="input.stdin" property="input" />
    <fail message="$${test} = ${test}">
      <condition>
        <not>
          <equals arg1="${test}" arg2="${input}" />
        </not>
      </condition>
    </fail>
  </target>

</project>
