<?xml version="1.0"?>

<project name="ArtOfIllusion" default="dist" basedir=".">

  <!-- set global properties for this build -->
  <property file="build.properties" />
  <property name="srclib" value="${srclib}" />
  <property name="dist" value="${dist}" />
  <property name="docs" value="${docs}" />
  <property name="lang.version" value="${lang.version}" />
  <property name="java.args" value="${java.args}" />
  <property name="java.encoding" value="${java.encoding}" />

  <property name="src" value="ArtOfIllusion/src" />
  <property name="build" value="ArtOfIllusion/build" />
  
  <!-- set of all library jars -->
  <fileset id="libraries" dir="${srclib}" includes="*.jar" />

  <target name="init">
    <!-- Create the time stamp -->
    <tstamp/>
    <!-- Create the build directory structure used by compile -->
    <mkdir dir="${build}" />
  </target>

  <target name="compile" depends="init">
    <!-- generate a classpath from the "libraries" fileset -->
    <pathconvert property="classpath" refid="libraries" />

    <!-- Compile the java code from ${src} into ${build} -->
    <javac srcdir="${src}"
	   destdir="${build}"
	   encoding="${java.encoding}"
	   classpath="${classpath}"
	   debug="on"
	   target="${lang.version}"
	   source="${lang.version}" >
      <compilerarg line="${java.args}"/>
    </javac>
  </target>

  <target name="dist" depends="compile">
    <!-- generate a Manifest classpath from the "libraries" fileset-->
    <pathconvert pathsep=" " dirsep="/" property="libraries" refid="libraries">
      <map from="${basedir}/" to="" />
    </pathconvert>

    <!-- jar all the required files -->
    <jar destfile="${dist}/ArtOfIllusion.jar">
      <fileset dir="${build}"/>
      <fileset dir="${src}" includes="**/*.xml, **/*.properties, **/*.png, **/*.jpg, **/*.gif" />
      <manifest>
        <attribute name="Main-Class" value="artofillusion.ArtOfIllusion"/>
        <attribute name="Class-Path" value="${libraries}"/>
        <attribute name="Implementation-Version" value="${git.revision}"/>
        <attribute name="Build-Time" value="${TODAY} at ${TSTAMP}"/>
      </manifest>
    </jar>
  </target>

  <target name="docs">
    <mkdir dir="${docs}" />
    <javadoc packagenames="artofillusion.*"
        sourcepath="${src}"
        classpath="${lib}/*.jar"
	source="${lang.version}"
        defaultexcludes="yes"
	destdir="${docs}/${ant.project.name}"
        author="true"
        version="true"
        use="true"
        windowtitle="Art of Illusion Documentation"
	public="true">
      <doctitle><![CDATA[<h1>Art of Illusion</h1>]]></doctitle>
      <bottom><![CDATA[<i>Copyright &copy; 1999-2011 by Peter Eastman.</i>]]></bottom>
    </javadoc>
  </target>

  <target name="clean">
    <!-- Delete the ${build} and ${docs} directory trees -->
    <delete dir="${build}" />
    <delete dir="${docs}" />
  </target>

</project>
