<?xml version="1.0"?>

<project name="OSSpecific" default="dist" basedir=".">

  <!-- set global properties for this build -->

  <property file="build.properties" />
  <property name="srclib" value="${srclib}" />
  <property name="dist" value="${dist}" />
  <property name="docs" value="${docs}" />
  <property name="jang.version" value="${lang.version}" />
  <property name="java.args" value="${java.args}" />
  <property name="java.encoding" value="${java.encoding}" />

  <property name="src" value="OSSpecific/src" />
  <property name="build" value="OSSpecific/build" />
  <property name="assemble" value="${dist}/Plugins" />
  <property name="aoijar" value="${dist}/ArtOfIllusion.jar" />

  <target name="init">
    <!-- Create the time stamp -->
    <tstamp/>
    <!-- Create the build directory structure used by compile -->
    <mkdir dir="${build}" />
    <!-- create the dist directory -->
    <mkdir dir="${dist}" />
    <mkdir dir="${assemble}" />
  </target>

  <target name="compile" depends="init">
    <!-- Compile the java code from ${src} into ${build} -->
    <javac srcdir="${src}"
           destdir="${build}"
	   encoding="${java.encoding}"
	   classpath="${aoijar}"
	   debug="on"
	   target="${lang.version}"
	   source="${lang.version}" >
        <compilerarg line="${java.args}"/>
    </javac>
  </target>

  <target name="dist" depends="compile">
    <jar jarfile="${assemble}/OSSpecific.jar" basedir="${build}" >
      <fileset dir="${src}" includes="*.xml" />
    </jar>
  </target>

  <target name="docs" depends="init">
    <javadoc packagenames="artofillusion.*"
        sourcepath="${src}"
	classpath="${aoijar}"
	source="${lang.version}"
        defaultexcludes="yes"
	destdir="${docs}/${ant.project.name}"
        author="true"
        version="true"
        use="true"
        windowtitle="Art of Illusion Documentation"
	public="true">
      <doctitle><![CDATA[<h1>Art of Illusion</h1>]]></doctitle>
      <bottom><![CDATA[<i>Copyright &copy; 1999-2008 by Peter Eastman.</i>]]></bottom>
    </javadoc>
  </target>

  <target name="clean">
    <!-- Delete the ${build} and ${docs} directory trees -->
    <delete dir="${build}" />
    <delete dir="${docs}" />
  </target>
</project>

