<?xml version="1.0" encoding="UTF-8"?>
<ruleset xmlns="http://mojo.codehaus.org/versions-maven-plugin/rule/2.0.0" xmlns:xsi="http://www.w3.org/2001/XMLSchema-instance"
  comparisonMethod="maven"
  xsi:schemaLocation="http://mojo.codehaus.org/versions-maven-plugin/rule/2.0.0 http://mojo.codehaus.org/versions-maven-plugin/xsd/rule-2.0.0.xsd">
  <ignoreVersions>
    <!-- Ignore Alpha's, Beta's, release candidates and milestones -->
    <ignoreVersion type="regex">(?i).*Alpha(?:-?\d+)?</ignoreVersion>
    <ignoreVersion type="regex">(?i).*Beta(?:-?\d+)?</ignoreVersion>
    <ignoreVersion type="regex">(?i).*-B(?:-?\d+)?</ignoreVersion>
    <ignoreVersion type="regex">(?i).*RC(?:-?\d+)?</ignoreVersion>
    <ignoreVersion type="regex">(?i).*CR(?:-?\d+)?</ignoreVersion>
    <ignoreVersion type="regex">(?i).*M(?:-?\d+)?</ignoreVersion>
  </ignoreVersions>
  <rules>
    <rule groupId="commons-io" artifactId="commons-io" comparisonMethod="maven">
      <ignoreVersions>
        <ignoreVersion>20030203.000550</ignoreVersion>
      </ignoreVersions>
    </rule>
    <rule groupId="commons-beanutils" artifactId="commons-beanutils" comparisonMethod="maven">
      <ignoreVersions>
        <ignoreVersion type="regex">200[0-9]{5}.*</ignoreVersion>
      </ignoreVersions>
    </rule>
    <rule groupId="org.apache.tomcat.embed" artifactId="tomcat-embed-core" comparisonMethod="maven">
      <ignoreVersions>
        <ignoreVersion type="regex">10\..*</ignoreVersion>
      </ignoreVersions>
    </rule>
    <rule groupId="org.postgresql" artifactId="postgresql" comparisonMethod="maven">
      <ignoreVersions>
        <ignoreVersion type="regex">(?i).*jre.*</ignoreVersion>
      </ignoreVersions>
    </rule>
  </rules>
</ruleset>