[
    {
        "java_project": "88_jopenchart",
        "sensitivity": 0.0,
        "testability": {
            "before": 0.6805897559248851,
            "after": 0.6805897559248851
        },
        "code_changes_rate": 3,
        "cases": []
    },
    {
        "java_project": "88_jopenchart",
        "sensitivity": 0.1111111111111111,
        "testability": {
            "before": 0.6805897559248851,
            "after": 0.6805897559248851
        },
        "code_changes_rate": 0,
        "cases": []
    },
    {
        "java_project": "88_jopenchart",
        "sensitivity": 0.2222222222222222,
        "testability": {
            "before": 0.6805897559248851,
            "after": 0.6805897559248851
        },
        "code_changes_rate": 0,
        "cases": []
    },
    {
        "java_project": "88_jopenchart",
        "sensitivity": 0.3333333333333333,
        "testability": {
            "before": 0.6805897559248851,
            "after": 0.6805897559248851
        },
        "code_changes_rate": 0,
        "cases": []
    },
    {
        "java_project": "88_jopenchart",
        "sensitivity": 0.4444444444444444,
        "testability": {
            "before": 0.6805897559248851,
            "after": 0.6805897559248851
        },
        "code_changes_rate": 0,
        "cases": []
    },
    {
        "java_project": "88_jopenchart",
        "sensitivity": 0.5555555555555556,
        "testability": {
            "before": 0.6805897559248851,
            "after": 0.6805897559248851
        },
        "code_changes_rate": 0,
        "cases": []
    },
    {
        "java_project": "88_jopenchart",
        "sensitivity": 0.6666666666666666,
        "testability": {
            "before": 0.6805897559248851,
            "after": 0.6805897559248851
        },
        "code_changes_rate": 0,
        "cases": []
    },
    {
        "java_project": "88_jopenchart",
        "sensitivity": 0.7777777777777778,
        "testability": {
            "before": 0.6805897559248851,
            "after": 0.6805897559248851
        },
        "code_changes_rate": 0,
        "cases": []
    },
    {
        "java_project": "88_jopenchart",
        "sensitivity": 0.8888888888888888,
        "testability": {
            "before": 0.6805897559248851,
            "after": 0.6805897559248851
        },
        "code_changes_rate": 0,
        "cases": []
    },
    {
        "java_project": "88_jopenchart",
        "sensitivity": 1.0,
        "testability": {
            "before": 0.6805897559248851,
            "after": 0.6805897559248851
        },
        "code_changes_rate": 0,
        "cases": []
    }
]