{
    "simulator-DAWN-DAWN": {
        "index": 0,
        "path": "benchmarks/10_water-simulator/src/main/java/simulator/DAWN.java",
        "type": "normal"
    },
    "simulator.CA-BehaviourContactNeighbours-BehaviourContactNeighbours": {
        "index": 1,
        "path": "benchmarks/10_water-simulator/src/main/java/simulator/CA/BehaviourContactNeighbours.java",
        "type": "normal"
    },
    "simulator.CA-BehaviourLaunchGUI-BehaviourLaunchGUI": {
        "index": 2,
        "path": "benchmarks/10_water-simulator/src/main/java/simulator/CA/BehaviourLaunchGUI.java",
        "type": "normal"
    },
    "simulator.CA-BehaviourReceivePriceAndMetData-BehaviourReceivePriceAndMetData": {
        "index": 3,
        "path": "benchmarks/10_water-simulator/src/main/java/simulator/CA/BehaviourReceivePriceAndMetData.java",
        "type": "normal"
    },
    "simulator.CA-BehaviourReceiveSavePersonalDataRequest-BehaviourReceiveSavePersonalDataRequest": {
        "index": 4,
        "path": "benchmarks/10_water-simulator/src/main/java/simulator/CA/BehaviourReceiveSavePersonalDataRequest.java",
        "type": "normal"
    },
    "simulator.CA-BehaviourReplyNeighbour-BehaviourReplyNeighbour": {
        "index": 5,
        "path": "benchmarks/10_water-simulator/src/main/java/simulator/CA/BehaviourReplyNeighbour.java",
        "type": "normal"
    },
    "simulator.CA-BehaviourSendPersonalConsumption-BehaviourSendPersonalConsumption": {
        "index": 6,
        "path": "benchmarks/10_water-simulator/src/main/java/simulator/CA/BehaviourSendPersonalConsumption.java",
        "type": "normal"
    },
    "simulator.CA-ConsumerAgent-ConsumerAgent": {
        "index": 7,
        "path": "benchmarks/10_water-simulator/src/main/java/simulator/CA/ConsumerAgent.java",
        "type": "normal"
    },
    "simulator.CA.gui-ConsumerGUI-ConsumerGUI": {
        "index": 8,
        "path": "benchmarks/10_water-simulator/src/main/java/simulator/CA/gui/ConsumerGUI.java",
        "type": "normal"
    },
    "simulator.MOA-MetOfficeAgent-MetOfficeAgent": {
        "index": 9,
        "path": "benchmarks/10_water-simulator/src/main/java/simulator/MOA/MetOfficeAgent.java",
        "type": "normal"
    },
    "simulator.ontology-AskWeightsFor-AskWeightsFor": {
        "index": 10,
        "path": "benchmarks/10_water-simulator/src/main/java/simulator/ontology/AskWeightsFor.java",
        "type": "normal"
    },
    "simulator.ontology-Consumes-Consumes": {
        "index": 11,
        "path": "benchmarks/10_water-simulator/src/main/java/simulator/ontology/Consumes.java",
        "type": "normal"
    },
    "simulator.ontology-HasMetData-HasMetData": {
        "index": 12,
        "path": "benchmarks/10_water-simulator/src/main/java/simulator/ontology/HasMetData.java",
        "type": "normal"
    },
    "simulator.ontology-LaunchGUI-LaunchGUI": {
        "index": 13,
        "path": "benchmarks/10_water-simulator/src/main/java/simulator/ontology/LaunchGUI.java",
        "type": "normal"
    },
    "simulator.ontology-MetData-MetData": {
        "index": 14,
        "path": "benchmarks/10_water-simulator/src/main/java/simulator/ontology/MetData.java",
        "type": "normal"
    },
    "simulator.ontology-Parameter-Parameter": {
        "index": 15,
        "path": "benchmarks/10_water-simulator/src/main/java/simulator/ontology/Parameter.java",
        "type": "normal"
    },
    "simulator.ontology-PriceBlock-PriceBlock": {
        "index": 16,
        "path": "benchmarks/10_water-simulator/src/main/java/simulator/ontology/PriceBlock.java",
        "type": "normal"
    },
    "simulator.ontology-SavePersonalData-SavePersonalData": {
        "index": 17,
        "path": "benchmarks/10_water-simulator/src/main/java/simulator/ontology/SavePersonalData.java",
        "type": "normal"
    },
    "simulator.ontology-SavingPath-SavingPath": {
        "index": 18,
        "path": "benchmarks/10_water-simulator/src/main/java/simulator/ontology/SavingPath.java",
        "type": "normal"
    },
    "simulator.ontology-Start-Start": {
        "index": 19,
        "path": "benchmarks/10_water-simulator/src/main/java/simulator/ontology/Start.java",
        "type": "normal"
    },
    "simulator.ontology-StepAttr-StepAttr": {
        "index": 20,
        "path": "benchmarks/10_water-simulator/src/main/java/simulator/ontology/StepAttr.java",
        "type": "normal"
    },
    "simulator.ontology-StepTotalConsumption-StepTotalConsumption": {
        "index": 21,
        "path": "benchmarks/10_water-simulator/src/main/java/simulator/ontology/StepTotalConsumption.java",
        "type": "normal"
    },
    "simulator.ontology-WaterConsumption-WaterConsumption": {
        "index": 22,
        "path": "benchmarks/10_water-simulator/src/main/java/simulator/ontology/WaterConsumption.java",
        "type": "normal"
    },
    "simulator.ontology-WDS_Ontology-WDS_Ontology": {
        "index": 23,
        "path": "benchmarks/10_water-simulator/src/main/java/simulator/ontology/WDS_Ontology.java",
        "type": "normal"
    },
    "simulator.SA-GaussGenerator-GaussGenerator": {
        "index": 24,
        "path": "benchmarks/10_water-simulator/src/main/java/simulator/SA/GaussGenerator.java",
        "type": "normal"
    },
    "simulator.SA-GridGenerator-GridGenerator": {
        "index": 25,
        "path": "benchmarks/10_water-simulator/src/main/java/simulator/SA/GridGenerator.java",
        "type": "normal"
    },
    "simulator.SA-SimulationAgent-SimulationAgent": {
        "index": 26,
        "path": "benchmarks/10_water-simulator/src/main/java/simulator/SA/SimulationAgent.java",
        "type": "normal"
    },
    "simulator.SA.gui-AboutFrame-AboutFrame": {
        "index": 27,
        "path": "benchmarks/10_water-simulator/src/main/java/simulator/SA/gui/AboutFrame.java",
        "type": "normal"
    },
    "simulator.SA.gui-DemandCurveParameterFrame-DemandCurveParameterFrame": {
        "index": 28,
        "path": "benchmarks/10_water-simulator/src/main/java/simulator/SA/gui/DemandCurveParameterFrame.java",
        "type": "normal"
    },
    "simulator.SA.gui-PricingPolicyFrame-PricingPolicyFrame": {
        "index": 29,
        "path": "benchmarks/10_water-simulator/src/main/java/simulator/SA/gui/PricingPolicyFrame.java",
        "type": "normal"
    },
    "simulator.SA.gui-ProgressGui-ProgressGui": {
        "index": 30,
        "path": "benchmarks/10_water-simulator/src/main/java/simulator/SA/gui/ProgressGui.java",
        "type": "normal"
    },
    "simulator.SA.gui-ReviewGUI-ReviewGUI": {
        "index": 31,
        "path": "benchmarks/10_water-simulator/src/main/java/simulator/SA/gui/ReviewGUI.java",
        "type": "normal"
    },
    "simulator.SA.gui-ScenarioDesignWizard-ScenarioDesignWizard": {
        "index": 32,
        "path": "benchmarks/10_water-simulator/src/main/java/simulator/SA/gui/ScenarioDesignWizard.java",
        "type": "normal"
    },
    "simulator.SA.gui-SimulationParametersFrame-SimulationParametersFrame": {
        "index": 33,
        "path": "benchmarks/10_water-simulator/src/main/java/simulator/SA/gui/SimulationParametersFrame.java",
        "type": "normal"
    },
    "simulator.SA.gui-SuiteGUI-SuiteGUI": {
        "index": 34,
        "path": "benchmarks/10_water-simulator/src/main/java/simulator/SA/gui/SuiteGUI.java",
        "type": "normal"
    },
    "simulator.util-AIDs-AIDs": {
        "index": 35,
        "path": "benchmarks/10_water-simulator/src/main/java/simulator/util/AIDs.java",
        "type": "interface"
    },
    "simulator.util-ConsumerAttributes-ConsumerAttributes": {
        "index": 36,
        "path": "benchmarks/10_water-simulator/src/main/java/simulator/util/ConsumerAttributes.java",
        "type": "normal"
    },
    "simulator.util-ConsumerType-ConsumerType": {
        "index": 37,
        "path": "benchmarks/10_water-simulator/src/main/java/simulator/util/ConsumerType.java",
        "type": "normal"
    },
    "simulator.util-Discrete-Discrete": {
        "index": 38,
        "path": "benchmarks/10_water-simulator/src/main/java/simulator/util/Discrete.java",
        "type": "normal"
    },
    "simulator.util-Function-Function": {
        "index": 39,
        "path": "benchmarks/10_water-simulator/src/main/java/simulator/util/Function.java",
        "type": "normal"
    },
    "simulator.util-Linear-Linear": {
        "index": 40,
        "path": "benchmarks/10_water-simulator/src/main/java/simulator/util/Linear.java",
        "type": "normal"
    },
    "simulator.util-MetDataFunction-MetDataFunction": {
        "index": 41,
        "path": "benchmarks/10_water-simulator/src/main/java/simulator/util/MetDataFunction.java",
        "type": "normal"
    },
    "simulator.util-ParameterAttributes-ParameterAttributes": {
        "index": 42,
        "path": "benchmarks/10_water-simulator/src/main/java/simulator/util/ParameterAttributes.java",
        "type": "normal"
    },
    "simulator.util-Raise-Raise": {
        "index": 43,
        "path": "benchmarks/10_water-simulator/src/main/java/simulator/util/Raise.java",
        "type": "normal"
    },
    "simulator.util-Random-Random": {
        "index": 44,
        "path": "benchmarks/10_water-simulator/src/main/java/simulator/util/Random.java",
        "type": "normal"
    },
    "simulator.WSA-BehaviourMetDataQuery-BehaviourMetDataQuery": {
        "index": 45,
        "path": "benchmarks/10_water-simulator/src/main/java/simulator/WSA/BehaviourMetDataQuery.java",
        "type": "normal"
    },
    "simulator.WSA-BehaviourQueryConsumers-BehaviourQueryConsumers": {
        "index": 46,
        "path": "benchmarks/10_water-simulator/src/main/java/simulator/WSA/BehaviourQueryConsumers.java",
        "type": "normal"
    },
    "simulator.WSA-BehaviourWaitStartStep-BehaviourWaitStartStep": {
        "index": 47,
        "path": "benchmarks/10_water-simulator/src/main/java/simulator/WSA/BehaviourWaitStartStep.java",
        "type": "normal"
    },
    "simulator.WSA-WaterSupplierAgent-WaterSupplierAgent": {
        "index": 48,
        "path": "benchmarks/10_water-simulator/src/main/java/simulator/WSA/WaterSupplierAgent.java",
        "type": "normal"
    }
}