[
    {
        "java_project": "10_water-simulator",
        "sensitivity": 0.0,
        "testability": {
            "before": 0.567351912410924,
            "after": 0.5657105560345386
        },
        "code_changes_rate": 247,
        "cases": [
            {
                "factory": {
                    "index": 1,
                    "path": "benchmarks/10_water-simulator/src/main/java/simulator/CA/BehaviourContactNeighbours.java",
                    "class_name": "BehaviourContactNeighbours",
                    "package": "simulator.CA"
                },
                "products": {
                    "classes": [
                        {
                            "index": 35,
                            "path": "benchmarks/10_water-simulator/src/main/java/simulator/util/AIDs.java",
                            "class_name": "AIDs",
                            "package": "simulator.util"
                        },
                        {
                            "index": 7,
                            "path": "benchmarks/10_water-simulator/src/main/java/simulator/CA/ConsumerAgent.java",
                            "class_name": "ConsumerAgent",
                            "package": "simulator.CA"
                        },
                        {
                            "index": 42,
                            "path": "benchmarks/10_water-simulator/src/main/java/simulator/util/ParameterAttributes.java",
                            "class_name": "ParameterAttributes",
                            "package": "simulator.util"
                        },
                        {
                            "index": 10,
                            "path": "benchmarks/10_water-simulator/src/main/java/simulator/ontology/AskWeightsFor.java",
                            "class_name": "AskWeightsFor",
                            "package": "simulator.ontology"
                        },
                        {
                            "index": 20,
                            "path": "benchmarks/10_water-simulator/src/main/java/simulator/ontology/StepAttr.java",
                            "class_name": "StepAttr",
                            "package": "simulator.ontology"
                        },
                        {
                            "index": 15,
                            "path": "benchmarks/10_water-simulator/src/main/java/simulator/ontology/Parameter.java",
                            "class_name": "Parameter",
                            "package": "simulator.ontology"
                        }
                    ],
                    "methods": []
                }
            },
            {
                "factory": {
                    "index": 7,
                    "path": "benchmarks/10_water-simulator/src/main/java/simulator/CA/ConsumerAgent.java",
                    "class_name": "ConsumerAgent",
                    "package": "simulator.CA"
                },
                "products": {
                    "classes": [
                        {
                            "index": 23,
                            "path": "benchmarks/10_water-simulator/src/main/java/simulator/ontology/WDS_Ontology.java",
                            "class_name": "WDS_Ontology",
                            "package": "simulator.ontology"
                        },
                        {
                            "index": 36,
                            "path": "benchmarks/10_water-simulator/src/main/java/simulator/util/ConsumerAttributes.java",
                            "class_name": "ConsumerAttributes",
                            "package": "simulator.util"
                        },
                        {
                            "index": 42,
                            "path": "benchmarks/10_water-simulator/src/main/java/simulator/util/ParameterAttributes.java",
                            "class_name": "ParameterAttributes",
                            "package": "simulator.util"
                        },
                        {
                            "index": 8,
                            "path": "benchmarks/10_water-simulator/src/main/java/simulator/CA/gui/ConsumerGUI.java",
                            "class_name": "ConsumerGUI",
                            "package": "simulator.CA.gui"
                        },
                        {
                            "index": 22,
                            "path": "benchmarks/10_water-simulator/src/main/java/simulator/ontology/WaterConsumption.java",
                            "class_name": "WaterConsumption",
                            "package": "simulator.ontology"
                        },
                        {
                            "index": 11,
                            "path": "benchmarks/10_water-simulator/src/main/java/simulator/ontology/Consumes.java",
                            "class_name": "Consumes",
                            "package": "simulator.ontology"
                        },
                        {
                            "index": 20,
                            "path": "benchmarks/10_water-simulator/src/main/java/simulator/ontology/StepAttr.java",
                            "class_name": "StepAttr",
                            "package": "simulator.ontology"
                        },
                        {
                            "index": 14,
                            "path": "benchmarks/10_water-simulator/src/main/java/simulator/ontology/MetData.java",
                            "class_name": "MetData",
                            "package": "simulator.ontology"
                        },
                        {
                            "index": 10,
                            "path": "benchmarks/10_water-simulator/src/main/java/simulator/ontology/AskWeightsFor.java",
                            "class_name": "AskWeightsFor",
                            "package": "simulator.ontology"
                        },
                        {
                            "index": 15,
                            "path": "benchmarks/10_water-simulator/src/main/java/simulator/ontology/Parameter.java",
                            "class_name": "Parameter",
                            "package": "simulator.ontology"
                        },
                        {
                            "index": 16,
                            "path": "benchmarks/10_water-simulator/src/main/java/simulator/ontology/PriceBlock.java",
                            "class_name": "PriceBlock",
                            "package": "simulator.ontology"
                        },
                        {
                            "index": 13,
                            "path": "benchmarks/10_water-simulator/src/main/java/simulator/ontology/LaunchGUI.java",
                            "class_name": "LaunchGUI",
                            "package": "simulator.ontology"
                        },
                        {
                            "index": 17,
                            "path": "benchmarks/10_water-simulator/src/main/java/simulator/ontology/SavePersonalData.java",
                            "class_name": "SavePersonalData",
                            "package": "simulator.ontology"
                        }
                    ],
                    "methods": []
                }
            },
            {
                "factory": {
                    "index": 26,
                    "path": "benchmarks/10_water-simulator/src/main/java/simulator/SA/SimulationAgent.java",
                    "class_name": "SimulationAgent",
                    "package": "simulator.SA"
                },
                "products": {
                    "classes": [
                        {
                            "index": 23,
                            "path": "benchmarks/10_water-simulator/src/main/java/simulator/ontology/WDS_Ontology.java",
                            "class_name": "WDS_Ontology",
                            "package": "simulator.ontology"
                        },
                        {
                            "index": 37,
                            "path": "benchmarks/10_water-simulator/src/main/java/simulator/util/ConsumerType.java",
                            "class_name": "ConsumerType",
                            "package": "simulator.util"
                        },
                        {
                            "index": 42,
                            "path": "benchmarks/10_water-simulator/src/main/java/simulator/util/ParameterAttributes.java",
                            "class_name": "ParameterAttributes",
                            "package": "simulator.util"
                        },
                        {
                            "index": 34,
                            "path": "benchmarks/10_water-simulator/src/main/java/simulator/SA/gui/SuiteGUI.java",
                            "class_name": "SuiteGUI",
                            "package": "simulator.SA.gui"
                        },
                        {
                            "index": 30,
                            "path": "benchmarks/10_water-simulator/src/main/java/simulator/SA/gui/ProgressGui.java",
                            "class_name": "ProgressGui",
                            "package": "simulator.SA.gui"
                        },
                        {
                            "index": 31,
                            "path": "benchmarks/10_water-simulator/src/main/java/simulator/SA/gui/ReviewGUI.java",
                            "class_name": "ReviewGUI",
                            "package": "simulator.SA.gui"
                        },
                        {
                            "index": 36,
                            "path": "benchmarks/10_water-simulator/src/main/java/simulator/util/ConsumerAttributes.java",
                            "class_name": "ConsumerAttributes",
                            "package": "simulator.util"
                        },
                        {
                            "index": 25,
                            "path": "benchmarks/10_water-simulator/src/main/java/simulator/SA/GridGenerator.java",
                            "class_name": "GridGenerator",
                            "package": "simulator.SA"
                        },
                        {
                            "index": 24,
                            "path": "benchmarks/10_water-simulator/src/main/java/simulator/SA/GaussGenerator.java",
                            "class_name": "GaussGenerator",
                            "package": "simulator.SA"
                        },
                        {
                            "index": 33,
                            "path": "benchmarks/10_water-simulator/src/main/java/simulator/SA/gui/SimulationParametersFrame.java",
                            "class_name": "SimulationParametersFrame",
                            "package": "simulator.SA.gui"
                        },
                        {
                            "index": 28,
                            "path": "benchmarks/10_water-simulator/src/main/java/simulator/SA/gui/DemandCurveParameterFrame.java",
                            "class_name": "DemandCurveParameterFrame",
                            "package": "simulator.SA.gui"
                        },
                        {
                            "index": 39,
                            "path": "benchmarks/10_water-simulator/src/main/java/simulator/util/Function.java",
                            "class_name": "Function",
                            "package": "simulator.util"
                        },
                        {
                            "index": 29,
                            "path": "benchmarks/10_water-simulator/src/main/java/simulator/SA/gui/PricingPolicyFrame.java",
                            "class_name": "PricingPolicyFrame",
                            "package": "simulator.SA.gui"
                        },
                        {
                            "index": 27,
                            "path": "benchmarks/10_water-simulator/src/main/java/simulator/SA/gui/AboutFrame.java",
                            "class_name": "AboutFrame",
                            "package": "simulator.SA.gui"
                        },
                        {
                            "index": 35,
                            "path": "benchmarks/10_water-simulator/src/main/java/simulator/util/AIDs.java",
                            "class_name": "AIDs",
                            "package": "simulator.util"
                        },
                        {
                            "index": 20,
                            "path": "benchmarks/10_water-simulator/src/main/java/simulator/ontology/StepAttr.java",
                            "class_name": "StepAttr",
                            "package": "simulator.ontology"
                        },
                        {
                            "index": 19,
                            "path": "benchmarks/10_water-simulator/src/main/java/simulator/ontology/Start.java",
                            "class_name": "Start",
                            "package": "simulator.ontology"
                        },
                        {
                            "index": 21,
                            "path": "benchmarks/10_water-simulator/src/main/java/simulator/ontology/StepTotalConsumption.java",
                            "class_name": "StepTotalConsumption",
                            "package": "simulator.ontology"
                        },
                        {
                            "index": 22,
                            "path": "benchmarks/10_water-simulator/src/main/java/simulator/ontology/WaterConsumption.java",
                            "class_name": "WaterConsumption",
                            "package": "simulator.ontology"
                        },
                        {
                            "index": 13,
                            "path": "benchmarks/10_water-simulator/src/main/java/simulator/ontology/LaunchGUI.java",
                            "class_name": "LaunchGUI",
                            "package": "simulator.ontology"
                        },
                        {
                            "index": 18,
                            "path": "benchmarks/10_water-simulator/src/main/java/simulator/ontology/SavingPath.java",
                            "class_name": "SavingPath",
                            "package": "simulator.ontology"
                        },
                        {
                            "index": 17,
                            "path": "benchmarks/10_water-simulator/src/main/java/simulator/ontology/SavePersonalData.java",
                            "class_name": "SavePersonalData",
                            "package": "simulator.ontology"
                        }
                    ],
                    "methods": []
                }
            },
            {
                "factory": {
                    "index": 34,
                    "path": "benchmarks/10_water-simulator/src/main/java/simulator/SA/gui/SuiteGUI.java",
                    "class_name": "SuiteGUI",
                    "package": "simulator.SA.gui"
                },
                "products": {
                    "classes": [
                        {
                            "index": 26,
                            "path": "benchmarks/10_water-simulator/src/main/java/simulator/SA/SimulationAgent.java",
                            "class_name": "SimulationAgent",
                            "package": "simulator.SA"
                        },
                        {
                            "index": 32,
                            "path": "benchmarks/10_water-simulator/src/main/java/simulator/SA/gui/ScenarioDesignWizard.java",
                            "class_name": "ScenarioDesignWizard",
                            "package": "simulator.SA.gui"
                        },
                        {
                            "index": 39,
                            "path": "benchmarks/10_water-simulator/src/main/java/simulator/util/Function.java",
                            "class_name": "Function",
                            "package": "simulator.util"
                        },
                        {
                            "index": 40,
                            "path": "benchmarks/10_water-simulator/src/main/java/simulator/util/Linear.java",
                            "class_name": "Linear",
                            "package": "simulator.util"
                        },
                        {
                            "index": 44,
                            "path": "benchmarks/10_water-simulator/src/main/java/simulator/util/Random.java",
                            "class_name": "Random",
                            "package": "simulator.util"
                        },
                        {
                            "index": 38,
                            "path": "benchmarks/10_water-simulator/src/main/java/simulator/util/Discrete.java",
                            "class_name": "Discrete",
                            "package": "simulator.util"
                        },
                        {
                            "index": 43,
                            "path": "benchmarks/10_water-simulator/src/main/java/simulator/util/Raise.java",
                            "class_name": "Raise",
                            "package": "simulator.util"
                        },
                        {
                            "index": 41,
                            "path": "benchmarks/10_water-simulator/src/main/java/simulator/util/MetDataFunction.java",
                            "class_name": "MetDataFunction",
                            "package": "simulator.util"
                        }
                    ],
                    "methods": []
                }
            }
        ]
    },
    {
        "java_project": "10_water-simulator",
        "sensitivity": 0.1111111111111111,
        "testability": {
            "before": 0.5673519124109238,
            "after": 0.5741525423836231
        },
        "code_changes_rate": 65,
        "cases": [
            {
                "factory": {
                    "index": 26,
                    "path": "benchmarks/10_water-simulator/src/main/java/simulator/SA/SimulationAgent.java",
                    "class_name": "SimulationAgent",
                    "package": "simulator.SA"
                },
                "products": {
                    "classes": [
                        {
                            "index": 34,
                            "path": "benchmarks/10_water-simulator/src/main/java/simulator/SA/gui/SuiteGUI.java",
                            "class_name": "SuiteGUI",
                            "package": "simulator.SA.gui"
                        },
                        {
                            "index": 33,
                            "path": "benchmarks/10_water-simulator/src/main/java/simulator/SA/gui/SimulationParametersFrame.java",
                            "class_name": "SimulationParametersFrame",
                            "package": "simulator.SA.gui"
                        },
                        {
                            "index": 28,
                            "path": "benchmarks/10_water-simulator/src/main/java/simulator/SA/gui/DemandCurveParameterFrame.java",
                            "class_name": "DemandCurveParameterFrame",
                            "package": "simulator.SA.gui"
                        },
                        {
                            "index": 29,
                            "path": "benchmarks/10_water-simulator/src/main/java/simulator/SA/gui/PricingPolicyFrame.java",
                            "class_name": "PricingPolicyFrame",
                            "package": "simulator.SA.gui"
                        }
                    ],
                    "methods": [
                        {
                            "name": "getInstance",
                            "return_type": "WDS_Ontology",
                            "formal_parameters": [
                                [
                                    "Ontology",
                                    "base"
                                ]
                            ]
                        },
                        {
                            "name": "actionPerformed",
                            "return_type": "void",
                            "formal_parameters": [
                                [
                                    "ActionEvent",
                                    "e"
                                ]
                            ]
                        }
                    ]
                }
            },
            {
                "factory": {
                    "index": 34,
                    "path": "benchmarks/10_water-simulator/src/main/java/simulator/SA/gui/SuiteGUI.java",
                    "class_name": "SuiteGUI",
                    "package": "simulator.SA.gui"
                },
                "products": {
                    "classes": [
                        {
                            "index": 40,
                            "path": "benchmarks/10_water-simulator/src/main/java/simulator/util/Linear.java",
                            "class_name": "Linear",
                            "package": "simulator.util"
                        },
                        {
                            "index": 44,
                            "path": "benchmarks/10_water-simulator/src/main/java/simulator/util/Random.java",
                            "class_name": "Random",
                            "package": "simulator.util"
                        },
                        {
                            "index": 38,
                            "path": "benchmarks/10_water-simulator/src/main/java/simulator/util/Discrete.java",
                            "class_name": "Discrete",
                            "package": "simulator.util"
                        },
                        {
                            "index": 43,
                            "path": "benchmarks/10_water-simulator/src/main/java/simulator/util/Raise.java",
                            "class_name": "Raise",
                            "package": "simulator.util"
                        },
                        {
                            "index": 41,
                            "path": "benchmarks/10_water-simulator/src/main/java/simulator/util/MetDataFunction.java",
                            "class_name": "MetDataFunction",
                            "package": "simulator.util"
                        }
                    ],
                    "methods": [
                        {
                            "name": "valueFor",
                            "return_type": "float",
                            "formal_parameters": [
                                [
                                    "float",
                                    "x"
                                ]
                            ]
                        },
                        {
                            "name": "parseString",
                            "return_type": "boolean",
                            "formal_parameters": [
                                [
                                    "String",
                                    "inputs"
                                ]
                            ]
                        }
                    ]
                }
            }
        ]
    },
    {
        "java_project": "10_water-simulator",
        "sensitivity": 0.2222222222222222,
        "testability": {
            "before": 0.567351912410924,
            "after": 0.5751084044476236
        },
        "code_changes_rate": 59,
        "cases": [
            {
                "factory": {
                    "index": 26,
                    "path": "benchmarks/10_water-simulator/src/main/java/simulator/SA/SimulationAgent.java",
                    "class_name": "SimulationAgent",
                    "package": "simulator.SA"
                },
                "products": {
                    "classes": [
                        {
                            "index": 34,
                            "path": "benchmarks/10_water-simulator/src/main/java/simulator/SA/gui/SuiteGUI.java",
                            "class_name": "SuiteGUI",
                            "package": "simulator.SA.gui"
                        },
                        {
                            "index": 33,
                            "path": "benchmarks/10_water-simulator/src/main/java/simulator/SA/gui/SimulationParametersFrame.java",
                            "class_name": "SimulationParametersFrame",
                            "package": "simulator.SA.gui"
                        },
                        {
                            "index": 28,
                            "path": "benchmarks/10_water-simulator/src/main/java/simulator/SA/gui/DemandCurveParameterFrame.java",
                            "class_name": "DemandCurveParameterFrame",
                            "package": "simulator.SA.gui"
                        }
                    ],
                    "methods": [
                        {
                            "name": "getInstance",
                            "return_type": "WDS_Ontology",
                            "formal_parameters": [
                                [
                                    "Ontology",
                                    "base"
                                ]
                            ]
                        },
                        {
                            "name": "actionPerformed",
                            "return_type": "void",
                            "formal_parameters": [
                                [
                                    "ActionEvent",
                                    "e"
                                ]
                            ]
                        }
                    ]
                }
            },
            {
                "factory": {
                    "index": 34,
                    "path": "benchmarks/10_water-simulator/src/main/java/simulator/SA/gui/SuiteGUI.java",
                    "class_name": "SuiteGUI",
                    "package": "simulator.SA.gui"
                },
                "products": {
                    "classes": [
                        {
                            "index": 40,
                            "path": "benchmarks/10_water-simulator/src/main/java/simulator/util/Linear.java",
                            "class_name": "Linear",
                            "package": "simulator.util"
                        },
                        {
                            "index": 44,
                            "path": "benchmarks/10_water-simulator/src/main/java/simulator/util/Random.java",
                            "class_name": "Random",
                            "package": "simulator.util"
                        },
                        {
                            "index": 38,
                            "path": "benchmarks/10_water-simulator/src/main/java/simulator/util/Discrete.java",
                            "class_name": "Discrete",
                            "package": "simulator.util"
                        },
                        {
                            "index": 43,
                            "path": "benchmarks/10_water-simulator/src/main/java/simulator/util/Raise.java",
                            "class_name": "Raise",
                            "package": "simulator.util"
                        },
                        {
                            "index": 41,
                            "path": "benchmarks/10_water-simulator/src/main/java/simulator/util/MetDataFunction.java",
                            "class_name": "MetDataFunction",
                            "package": "simulator.util"
                        }
                    ],
                    "methods": [
                        {
                            "name": "valueFor",
                            "return_type": "float",
                            "formal_parameters": [
                                [
                                    "float",
                                    "x"
                                ]
                            ]
                        },
                        {
                            "name": "parseString",
                            "return_type": "boolean",
                            "formal_parameters": [
                                [
                                    "String",
                                    "inputs"
                                ]
                            ]
                        }
                    ]
                }
            }
        ]
    },
    {
        "java_project": "10_water-simulator",
        "sensitivity": 0.3333333333333333,
        "testability": {
            "before": 0.567351912410924,
            "after": 0.5751084044476238
        },
        "code_changes_rate": 59,
        "cases": [
            {
                "factory": {
                    "index": 26,
                    "path": "benchmarks/10_water-simulator/src/main/java/simulator/SA/SimulationAgent.java",
                    "class_name": "SimulationAgent",
                    "package": "simulator.SA"
                },
                "products": {
                    "classes": [
                        {
                            "index": 34,
                            "path": "benchmarks/10_water-simulator/src/main/java/simulator/SA/gui/SuiteGUI.java",
                            "class_name": "SuiteGUI",
                            "package": "simulator.SA.gui"
                        },
                        {
                            "index": 33,
                            "path": "benchmarks/10_water-simulator/src/main/java/simulator/SA/gui/SimulationParametersFrame.java",
                            "class_name": "SimulationParametersFrame",
                            "package": "simulator.SA.gui"
                        },
                        {
                            "index": 28,
                            "path": "benchmarks/10_water-simulator/src/main/java/simulator/SA/gui/DemandCurveParameterFrame.java",
                            "class_name": "DemandCurveParameterFrame",
                            "package": "simulator.SA.gui"
                        }
                    ],
                    "methods": [
                        {
                            "name": "getInstance",
                            "return_type": "WDS_Ontology",
                            "formal_parameters": [
                                [
                                    "Ontology",
                                    "base"
                                ]
                            ]
                        },
                        {
                            "name": "actionPerformed",
                            "return_type": "void",
                            "formal_parameters": [
                                [
                                    "ActionEvent",
                                    "e"
                                ]
                            ]
                        }
                    ]
                }
            },
            {
                "factory": {
                    "index": 34,
                    "path": "benchmarks/10_water-simulator/src/main/java/simulator/SA/gui/SuiteGUI.java",
                    "class_name": "SuiteGUI",
                    "package": "simulator.SA.gui"
                },
                "products": {
                    "classes": [
                        {
                            "index": 40,
                            "path": "benchmarks/10_water-simulator/src/main/java/simulator/util/Linear.java",
                            "class_name": "Linear",
                            "package": "simulator.util"
                        },
                        {
                            "index": 44,
                            "path": "benchmarks/10_water-simulator/src/main/java/simulator/util/Random.java",
                            "class_name": "Random",
                            "package": "simulator.util"
                        },
                        {
                            "index": 38,
                            "path": "benchmarks/10_water-simulator/src/main/java/simulator/util/Discrete.java",
                            "class_name": "Discrete",
                            "package": "simulator.util"
                        },
                        {
                            "index": 43,
                            "path": "benchmarks/10_water-simulator/src/main/java/simulator/util/Raise.java",
                            "class_name": "Raise",
                            "package": "simulator.util"
                        },
                        {
                            "index": 41,
                            "path": "benchmarks/10_water-simulator/src/main/java/simulator/util/MetDataFunction.java",
                            "class_name": "MetDataFunction",
                            "package": "simulator.util"
                        }
                    ],
                    "methods": [
                        {
                            "name": "valueFor",
                            "return_type": "float",
                            "formal_parameters": [
                                [
                                    "float",
                                    "x"
                                ]
                            ]
                        },
                        {
                            "name": "parseString",
                            "return_type": "boolean",
                            "formal_parameters": [
                                [
                                    "String",
                                    "inputs"
                                ]
                            ]
                        }
                    ]
                }
            }
        ]
    },
    {
        "java_project": "10_water-simulator",
        "sensitivity": 0.4444444444444444,
        "testability": {
            "before": 0.5673519124109238,
            "after": 0.5740417200355448
        },
        "code_changes_rate": 55,
        "cases": [
            {
                "factory": {
                    "index": 26,
                    "path": "benchmarks/10_water-simulator/src/main/java/simulator/SA/SimulationAgent.java",
                    "class_name": "SimulationAgent",
                    "package": "simulator.SA"
                },
                "products": {
                    "classes": [
                        {
                            "index": 33,
                            "path": "benchmarks/10_water-simulator/src/main/java/simulator/SA/gui/SimulationParametersFrame.java",
                            "class_name": "SimulationParametersFrame",
                            "package": "simulator.SA.gui"
                        },
                        {
                            "index": 28,
                            "path": "benchmarks/10_water-simulator/src/main/java/simulator/SA/gui/DemandCurveParameterFrame.java",
                            "class_name": "DemandCurveParameterFrame",
                            "package": "simulator.SA.gui"
                        }
                    ],
                    "methods": [
                        {
                            "name": "getInstance",
                            "return_type": "WDS_Ontology",
                            "formal_parameters": [
                                [
                                    "Ontology",
                                    "base"
                                ]
                            ]
                        },
                        {
                            "name": "actionPerformed",
                            "return_type": "void",
                            "formal_parameters": [
                                [
                                    "ActionEvent",
                                    "ev"
                                ]
                            ]
                        }
                    ]
                }
            },
            {
                "factory": {
                    "index": 34,
                    "path": "benchmarks/10_water-simulator/src/main/java/simulator/SA/gui/SuiteGUI.java",
                    "class_name": "SuiteGUI",
                    "package": "simulator.SA.gui"
                },
                "products": {
                    "classes": [
                        {
                            "index": 40,
                            "path": "benchmarks/10_water-simulator/src/main/java/simulator/util/Linear.java",
                            "class_name": "Linear",
                            "package": "simulator.util"
                        },
                        {
                            "index": 44,
                            "path": "benchmarks/10_water-simulator/src/main/java/simulator/util/Random.java",
                            "class_name": "Random",
                            "package": "simulator.util"
                        },
                        {
                            "index": 38,
                            "path": "benchmarks/10_water-simulator/src/main/java/simulator/util/Discrete.java",
                            "class_name": "Discrete",
                            "package": "simulator.util"
                        },
                        {
                            "index": 43,
                            "path": "benchmarks/10_water-simulator/src/main/java/simulator/util/Raise.java",
                            "class_name": "Raise",
                            "package": "simulator.util"
                        },
                        {
                            "index": 41,
                            "path": "benchmarks/10_water-simulator/src/main/java/simulator/util/MetDataFunction.java",
                            "class_name": "MetDataFunction",
                            "package": "simulator.util"
                        }
                    ],
                    "methods": [
                        {
                            "name": "valueFor",
                            "return_type": "float",
                            "formal_parameters": [
                                [
                                    "float",
                                    "x"
                                ]
                            ]
                        },
                        {
                            "name": "parseString",
                            "return_type": "boolean",
                            "formal_parameters": [
                                [
                                    "String",
                                    "inputs"
                                ]
                            ]
                        }
                    ]
                }
            }
        ]
    },
    {
        "java_project": "10_water-simulator",
        "sensitivity": 0.5555555555555556,
        "testability": {
            "before": 0.567351912410924,
            "after": 0.5740417200355448
        },
        "code_changes_rate": 55,
        "cases": [
            {
                "factory": {
                    "index": 26,
                    "path": "benchmarks/10_water-simulator/src/main/java/simulator/SA/SimulationAgent.java",
                    "class_name": "SimulationAgent",
                    "package": "simulator.SA"
                },
                "products": {
                    "classes": [
                        {
                            "index": 33,
                            "path": "benchmarks/10_water-simulator/src/main/java/simulator/SA/gui/SimulationParametersFrame.java",
                            "class_name": "SimulationParametersFrame",
                            "package": "simulator.SA.gui"
                        },
                        {
                            "index": 28,
                            "path": "benchmarks/10_water-simulator/src/main/java/simulator/SA/gui/DemandCurveParameterFrame.java",
                            "class_name": "DemandCurveParameterFrame",
                            "package": "simulator.SA.gui"
                        }
                    ],
                    "methods": [
                        {
                            "name": "getInstance",
                            "return_type": "WDS_Ontology",
                            "formal_parameters": [
                                [
                                    "Ontology",
                                    "base"
                                ]
                            ]
                        },
                        {
                            "name": "actionPerformed",
                            "return_type": "void",
                            "formal_parameters": [
                                [
                                    "ActionEvent",
                                    "ev"
                                ]
                            ]
                        }
                    ]
                }
            },
            {
                "factory": {
                    "index": 34,
                    "path": "benchmarks/10_water-simulator/src/main/java/simulator/SA/gui/SuiteGUI.java",
                    "class_name": "SuiteGUI",
                    "package": "simulator.SA.gui"
                },
                "products": {
                    "classes": [
                        {
                            "index": 40,
                            "path": "benchmarks/10_water-simulator/src/main/java/simulator/util/Linear.java",
                            "class_name": "Linear",
                            "package": "simulator.util"
                        },
                        {
                            "index": 44,
                            "path": "benchmarks/10_water-simulator/src/main/java/simulator/util/Random.java",
                            "class_name": "Random",
                            "package": "simulator.util"
                        },
                        {
                            "index": 38,
                            "path": "benchmarks/10_water-simulator/src/main/java/simulator/util/Discrete.java",
                            "class_name": "Discrete",
                            "package": "simulator.util"
                        },
                        {
                            "index": 43,
                            "path": "benchmarks/10_water-simulator/src/main/java/simulator/util/Raise.java",
                            "class_name": "Raise",
                            "package": "simulator.util"
                        },
                        {
                            "index": 41,
                            "path": "benchmarks/10_water-simulator/src/main/java/simulator/util/MetDataFunction.java",
                            "class_name": "MetDataFunction",
                            "package": "simulator.util"
                        }
                    ],
                    "methods": [
                        {
                            "name": "valueFor",
                            "return_type": "float",
                            "formal_parameters": [
                                [
                                    "float",
                                    "x"
                                ]
                            ]
                        },
                        {
                            "name": "parseString",
                            "return_type": "boolean",
                            "formal_parameters": [
                                [
                                    "String",
                                    "inputs"
                                ]
                            ]
                        }
                    ]
                }
            }
        ]
    },
    {
        "java_project": "10_water-simulator",
        "sensitivity": 0.6666666666666666,
        "testability": {
            "before": 0.567351912410924,
            "after": 0.5740417200355448
        },
        "code_changes_rate": 55,
        "cases": [
            {
                "factory": {
                    "index": 26,
                    "path": "benchmarks/10_water-simulator/src/main/java/simulator/SA/SimulationAgent.java",
                    "class_name": "SimulationAgent",
                    "package": "simulator.SA"
                },
                "products": {
                    "classes": [
                        {
                            "index": 33,
                            "path": "benchmarks/10_water-simulator/src/main/java/simulator/SA/gui/SimulationParametersFrame.java",
                            "class_name": "SimulationParametersFrame",
                            "package": "simulator.SA.gui"
                        },
                        {
                            "index": 28,
                            "path": "benchmarks/10_water-simulator/src/main/java/simulator/SA/gui/DemandCurveParameterFrame.java",
                            "class_name": "DemandCurveParameterFrame",
                            "package": "simulator.SA.gui"
                        }
                    ],
                    "methods": [
                        {
                            "name": "getInstance",
                            "return_type": "WDS_Ontology",
                            "formal_parameters": [
                                [
                                    "Ontology",
                                    "base"
                                ]
                            ]
                        },
                        {
                            "name": "actionPerformed",
                            "return_type": "void",
                            "formal_parameters": [
                                [
                                    "ActionEvent",
                                    "ev"
                                ]
                            ]
                        }
                    ]
                }
            },
            {
                "factory": {
                    "index": 34,
                    "path": "benchmarks/10_water-simulator/src/main/java/simulator/SA/gui/SuiteGUI.java",
                    "class_name": "SuiteGUI",
                    "package": "simulator.SA.gui"
                },
                "products": {
                    "classes": [
                        {
                            "index": 40,
                            "path": "benchmarks/10_water-simulator/src/main/java/simulator/util/Linear.java",
                            "class_name": "Linear",
                            "package": "simulator.util"
                        },
                        {
                            "index": 44,
                            "path": "benchmarks/10_water-simulator/src/main/java/simulator/util/Random.java",
                            "class_name": "Random",
                            "package": "simulator.util"
                        },
                        {
                            "index": 38,
                            "path": "benchmarks/10_water-simulator/src/main/java/simulator/util/Discrete.java",
                            "class_name": "Discrete",
                            "package": "simulator.util"
                        },
                        {
                            "index": 43,
                            "path": "benchmarks/10_water-simulator/src/main/java/simulator/util/Raise.java",
                            "class_name": "Raise",
                            "package": "simulator.util"
                        },
                        {
                            "index": 41,
                            "path": "benchmarks/10_water-simulator/src/main/java/simulator/util/MetDataFunction.java",
                            "class_name": "MetDataFunction",
                            "package": "simulator.util"
                        }
                    ],
                    "methods": [
                        {
                            "name": "valueFor",
                            "return_type": "float",
                            "formal_parameters": [
                                [
                                    "float",
                                    "x"
                                ]
                            ]
                        },
                        {
                            "name": "parseString",
                            "return_type": "boolean",
                            "formal_parameters": [
                                [
                                    "String",
                                    "inputs"
                                ]
                            ]
                        }
                    ]
                }
            }
        ]
    },
    {
        "java_project": "10_water-simulator",
        "sensitivity": 0.7777777777777778,
        "testability": {
            "before": 0.5673519124109241,
            "after": 0.5750041628516598
        },
        "code_changes_rate": 47,
        "cases": [
            {
                "factory": {
                    "index": 26,
                    "path": "benchmarks/10_water-simulator/src/main/java/simulator/SA/SimulationAgent.java",
                    "class_name": "SimulationAgent",
                    "package": "simulator.SA"
                },
                "products": {
                    "classes": [
                        {
                            "index": 33,
                            "path": "benchmarks/10_water-simulator/src/main/java/simulator/SA/gui/SimulationParametersFrame.java",
                            "class_name": "SimulationParametersFrame",
                            "package": "simulator.SA.gui"
                        },
                        {
                            "index": 28,
                            "path": "benchmarks/10_water-simulator/src/main/java/simulator/SA/gui/DemandCurveParameterFrame.java",
                            "class_name": "DemandCurveParameterFrame",
                            "package": "simulator.SA.gui"
                        }
                    ],
                    "methods": [
                        {
                            "name": "getInstance",
                            "return_type": "WDS_Ontology",
                            "formal_parameters": [
                                [
                                    "Ontology",
                                    "base"
                                ]
                            ]
                        },
                        {
                            "name": "actionPerformed",
                            "return_type": "void",
                            "formal_parameters": [
                                [
                                    "ActionEvent",
                                    "ev"
                                ]
                            ]
                        }
                    ]
                }
            },
            {
                "factory": {
                    "index": 34,
                    "path": "benchmarks/10_water-simulator/src/main/java/simulator/SA/gui/SuiteGUI.java",
                    "class_name": "SuiteGUI",
                    "package": "simulator.SA.gui"
                },
                "products": {
                    "classes": [
                        {
                            "index": 40,
                            "path": "benchmarks/10_water-simulator/src/main/java/simulator/util/Linear.java",
                            "class_name": "Linear",
                            "package": "simulator.util"
                        },
                        {
                            "index": 38,
                            "path": "benchmarks/10_water-simulator/src/main/java/simulator/util/Discrete.java",
                            "class_name": "Discrete",
                            "package": "simulator.util"
                        },
                        {
                            "index": 43,
                            "path": "benchmarks/10_water-simulator/src/main/java/simulator/util/Raise.java",
                            "class_name": "Raise",
                            "package": "simulator.util"
                        },
                        {
                            "index": 41,
                            "path": "benchmarks/10_water-simulator/src/main/java/simulator/util/MetDataFunction.java",
                            "class_name": "MetDataFunction",
                            "package": "simulator.util"
                        }
                    ],
                    "methods": [
                        {
                            "name": "valueFor",
                            "return_type": "float",
                            "formal_parameters": [
                                [
                                    "float",
                                    "x"
                                ]
                            ]
                        },
                        {
                            "name": "parseString",
                            "return_type": "boolean",
                            "formal_parameters": [
                                [
                                    "String",
                                    "inputs"
                                ]
                            ]
                        }
                    ]
                }
            }
        ]
    },
    {
        "java_project": "10_water-simulator",
        "sensitivity": 0.8888888888888888,
        "testability": {
            "before": 0.567351912410924,
            "after": 0.5750041628516599
        },
        "code_changes_rate": 47,
        "cases": [
            {
                "factory": {
                    "index": 26,
                    "path": "benchmarks/10_water-simulator/src/main/java/simulator/SA/SimulationAgent.java",
                    "class_name": "SimulationAgent",
                    "package": "simulator.SA"
                },
                "products": {
                    "classes": [
                        {
                            "index": 33,
                            "path": "benchmarks/10_water-simulator/src/main/java/simulator/SA/gui/SimulationParametersFrame.java",
                            "class_name": "SimulationParametersFrame",
                            "package": "simulator.SA.gui"
                        },
                        {
                            "index": 28,
                            "path": "benchmarks/10_water-simulator/src/main/java/simulator/SA/gui/DemandCurveParameterFrame.java",
                            "class_name": "DemandCurveParameterFrame",
                            "package": "simulator.SA.gui"
                        }
                    ],
                    "methods": [
                        {
                            "name": "getInstance",
                            "return_type": "WDS_Ontology",
                            "formal_parameters": [
                                [
                                    "Ontology",
                                    "base"
                                ]
                            ]
                        },
                        {
                            "name": "actionPerformed",
                            "return_type": "void",
                            "formal_parameters": [
                                [
                                    "ActionEvent",
                                    "ev"
                                ]
                            ]
                        }
                    ]
                }
            },
            {
                "factory": {
                    "index": 34,
                    "path": "benchmarks/10_water-simulator/src/main/java/simulator/SA/gui/SuiteGUI.java",
                    "class_name": "SuiteGUI",
                    "package": "simulator.SA.gui"
                },
                "products": {
                    "classes": [
                        {
                            "index": 40,
                            "path": "benchmarks/10_water-simulator/src/main/java/simulator/util/Linear.java",
                            "class_name": "Linear",
                            "package": "simulator.util"
                        },
                        {
                            "index": 38,
                            "path": "benchmarks/10_water-simulator/src/main/java/simulator/util/Discrete.java",
                            "class_name": "Discrete",
                            "package": "simulator.util"
                        },
                        {
                            "index": 43,
                            "path": "benchmarks/10_water-simulator/src/main/java/simulator/util/Raise.java",
                            "class_name": "Raise",
                            "package": "simulator.util"
                        },
                        {
                            "index": 41,
                            "path": "benchmarks/10_water-simulator/src/main/java/simulator/util/MetDataFunction.java",
                            "class_name": "MetDataFunction",
                            "package": "simulator.util"
                        }
                    ],
                    "methods": [
                        {
                            "name": "valueFor",
                            "return_type": "float",
                            "formal_parameters": [
                                [
                                    "float",
                                    "x"
                                ]
                            ]
                        },
                        {
                            "name": "parseString",
                            "return_type": "boolean",
                            "formal_parameters": [
                                [
                                    "String",
                                    "inputs"
                                ]
                            ]
                        }
                    ]
                }
            }
        ]
    },
    {
        "java_project": "10_water-simulator",
        "sensitivity": 1.0,
        "testability": {
            "before": 0.567351912410924,
            "after": 0.5750041628516599
        },
        "code_changes_rate": 47,
        "cases": [
            {
                "factory": {
                    "index": 26,
                    "path": "benchmarks/10_water-simulator/src/main/java/simulator/SA/SimulationAgent.java",
                    "class_name": "SimulationAgent",
                    "package": "simulator.SA"
                },
                "products": {
                    "classes": [
                        {
                            "index": 33,
                            "path": "benchmarks/10_water-simulator/src/main/java/simulator/SA/gui/SimulationParametersFrame.java",
                            "class_name": "SimulationParametersFrame",
                            "package": "simulator.SA.gui"
                        },
                        {
                            "index": 28,
                            "path": "benchmarks/10_water-simulator/src/main/java/simulator/SA/gui/DemandCurveParameterFrame.java",
                            "class_name": "DemandCurveParameterFrame",
                            "package": "simulator.SA.gui"
                        }
                    ],
                    "methods": [
                        {
                            "name": "getInstance",
                            "return_type": "WDS_Ontology",
                            "formal_parameters": [
                                [
                                    "Ontology",
                                    "base"
                                ]
                            ]
                        },
                        {
                            "name": "actionPerformed",
                            "return_type": "void",
                            "formal_parameters": [
                                [
                                    "ActionEvent",
                                    "ev"
                                ]
                            ]
                        }
                    ]
                }
            },
            {
                "factory": {
                    "index": 34,
                    "path": "benchmarks/10_water-simulator/src/main/java/simulator/SA/gui/SuiteGUI.java",
                    "class_name": "SuiteGUI",
                    "package": "simulator.SA.gui"
                },
                "products": {
                    "classes": [
                        {
                            "index": 40,
                            "path": "benchmarks/10_water-simulator/src/main/java/simulator/util/Linear.java",
                            "class_name": "Linear",
                            "package": "simulator.util"
                        },
                        {
                            "index": 38,
                            "path": "benchmarks/10_water-simulator/src/main/java/simulator/util/Discrete.java",
                            "class_name": "Discrete",
                            "package": "simulator.util"
                        },
                        {
                            "index": 43,
                            "path": "benchmarks/10_water-simulator/src/main/java/simulator/util/Raise.java",
                            "class_name": "Raise",
                            "package": "simulator.util"
                        },
                        {
                            "index": 41,
                            "path": "benchmarks/10_water-simulator/src/main/java/simulator/util/MetDataFunction.java",
                            "class_name": "MetDataFunction",
                            "package": "simulator.util"
                        }
                    ],
                    "methods": [
                        {
                            "name": "valueFor",
                            "return_type": "float",
                            "formal_parameters": [
                                [
                                    "float",
                                    "x"
                                ]
                            ]
                        },
                        {
                            "name": "parseString",
                            "return_type": "boolean",
                            "formal_parameters": [
                                [
                                    "String",
                                    "inputs"
                                ]
                            ]
                        }
                    ]
                }
            }
        ]
    }
]