<component name="ProjectRunConfigurationManager">
  <configuration default="false" name="submission [spring-boot:run...]" type="MavenRunConfiguration" factoryName="Maven" nameIsGenerated="true">
    <MavenSettings>
      <option name="myGeneralSettings" />
      <option name="myRunnerSettings">
        <MavenRunnerSettings>
          <option name="delegateBuildToMaven" value="false" />
          <option name="environmentProperties">
            <map>
              <entry key="POSTGRESQL_SERVICE_PORT" value="8001" />
              <entry key="SPRING_PROFILES_ACTIVE" value="disable-ssl-client-postgres" />
              <entry key="SUPPORTED_COUNTRIES" value="DE,IT,FR,DK" />
              <entry key="SSL_SUBMISSION_KEYSTORE_PATH" value="file:$PROJECT_DIR$/docker-compose-test-secrets/ssl.p12" />
              <entry key="SSL_SUBMISSION_KEYSTORE_PASSWORD" value="123456" />
              <entry key="SSL_VERIFICATION_TRUSTSTORE_PATH" value="file:$PROJECT_DIR$/docker-compose-test-secrets/contains_efgs_truststore.jks" />
              <entry key="SSL_VERIFICATION_TRUSTSTORE_PASSWORD" value="123456" />
            </map>
          </option>
          <option name="jreName" value="#USE_PROJECT_JDK" />
          <option name="mavenProperties">
            <map />
          </option>
          <option name="passParentEnv" value="true" />
          <option name="runMavenInBackground" value="true" />
          <option name="skipTests" value="false" />
          <option name="vmOptions" value="" />
        </MavenRunnerSettings>
      </option>
      <option name="myRunnerParameters">
        <MavenRunnerParameters>
          <option name="profiles">
            <set />
          </option>
          <option name="goals">
            <list>
              <option value="spring-boot:run" />
              <option value="-Dspring-boot.run.fork=false" />
            </list>
          </option>
          <option name="pomFileName" />
          <option name="profilesMap">
            <map />
          </option>
          <option name="resolveToWorkspace" value="false" />
          <option name="workingDirPath" value="$PROJECT_DIR$/services/submission" />
        </MavenRunnerParameters>
      </option>
    </MavenSettings>
    <method v="2" />
  </configuration>
</component>
